Class,Percentage
NORMAL,93.74821484088898
NORMAL,82.39508867263794
NORMAL,93.74821484088898
PNEUMONIA,80.15300035476685
NORMAL,76.77522003650665
PNEUMONIA,78.34606170654297
PNEUMONIA,85.10915040969849
